Date,Magnet_Temp,Magnet_Field,Field_SetPoint,VTI_Temp,Sample_Temp,NV_Percent,Temp_SetPoint
2022-10-03 10:59:03.817790,296.214,-0.0000,0.00000,295.684,296.286,100.000,0.0000
2022-10-03 11:59:42.891721,296.199,-0.0000,0.00000,295.685,291.481,100.000,0.0000
2022-10-03 13:33:07.683426,285.615,0.0000,0.00000,None,None,None,None
2022-10-03 13:34:06.491349,285.472,-0.0000,0.00000,284.922,224.908,100.000,0.0000

Date,Magnet_Temp,Magnet_Field,Field_SetPoint,Sample_Temp,VTI_Temp,PT2_Temp,NV_Pressure,NV_Percent,SampleTemp_SetPt
2022-10-03 15:03:38.656023,272.573,0.0000,0.00000,269.6396K,264.7677K,207.2562K,5.1910mB,100.0000%,None
2022-10-03 15:15:42.164640,270.736,0.0000,0.00000,266.9294,261.9503,205.4169,5.2656mB,100.0000%,4.0000

Date,Magnet_Temp(K),Magnet_Field(T),Field_SetPoint(T),Sample_Temp(K),VTI_Temp(K),PT2_Temp(K),NV_Pressure(mB),NV_Percent,SampleTemp_SetPt(K)
2022-10-03 15:23:04.466201,269.622,-0.0000,0.00000,265.2458,260.1792,204.2646,5.3131,100.0000%,1.7000
2022-10-03 15:26:54.775422,269.074,0.0000,0.00000,264.3566,259.2968,203.6984,5.3472,100.0000%,1.7000
2022-10-03 15:29:31.560955,268.700,0.0000,0.00000,263.7466,258.7172,203.3104,5.3546,100.0000%,1.7000
2022-10-03 17:30:01.532308,250.846,0.0000,0.00000,236.9157,232.1784,187.1514,5.9750,100.0000%,1.7000
2022-10-03 19:30:33.831212,233.702,0.0000,0.00000,212.9340,208.6102,172.3122,6.4758,100.0000%,1.7000
2022-10-03 21:31:07.338377,217.403,-0.0000,0.00000,192.3547,188.5812,158.9605,6.9199,100.0000%,1.7000
2022-10-03 23:31:36.776102,201.933,-0.0000,0.00000,174.4397,171.0101,146.4998,7.2997,100.0000%,1.7000
2022-10-04 01:32:08.401931,187.126,0.0000,0.00000,158.5413,155.6441,134.3194,7.7029,100.0000%,1.7000
2022-10-04 03:32:39.822866,172.775,0.0000,0.00000,144.4908,141.8018,122.5383,8.1552,100.0000%,1.7000
2022-10-04 05:33:10.631835,158.874,0.0001,0.00000,131.1855,128.7287,110.1008,8.8912,100.0000%,1.7000
2022-10-04 07:33:42.872814,145.089,0.0000,0.00000,118.2914,116.1009,99.0762,9.7878,100.0000%,1.7000
2022-10-04 09:34:16.294463,131.069,0.0000,0.00000,105.7600,103.7411,88.5235,10.0850,91.2871%,1.7000
2022-10-04 11:34:49.743104,116.985,0.0000,0.00000,93.6036,91.8951,78.3652,10.0751,82.1973%,1.7000
2022-10-04 13:35:23.473503,102.118,-0.0000,0.00000,82.0526,80.5964,68.4538,10.0781,76.3561%,1.7000
2022-10-04 15:35:56.879714,85.817,-0.0000,0.00000,70.3384,69.2473,58.5911,10.0614,70.7683%,1.7000
2022-10-04 17:36:31.380465,66.543,0.0000,0.00000,57.9563,57.1712,47.7661,10.0756,64.0330%,1.7000
2022-10-04 19:37:04.906166,36.382,0.0000,0.00000,40.2806,39.5945,29.3547,10.4249,50.9758%,1.7000
2022-10-04 21:37:36.973803,3.522,-0.0000,0.00000,2.2825,1.7216,3.6524,10.5792,27.2221%,1.7000
2022-10-04 23:38:11.921594,3.436,-0.0000,0.00000,1.8739,1.7006,3.5590,9.7207,31.0246%,1.7000
2022-10-05 01:38:45.339768,3.434,-0.0000,0.00000,1.9035,1.7000,3.5605,9.7166,28.3925%,1.7000
2022-10-05 03:39:18.818738,3.459,0.0000,0.00000,2.1616,1.7109,3.5987,10.1498,27.2831%,1.7000
2022-10-05 05:39:53.328101,3.445,0.0000,0.00000,2.1774,1.7121,3.5831,10.2747,30.7897%,1.7000
2022-10-05 07:40:26.953058,3.426,-0.0000,0.00000,1.8412,1.6971,3.5528,9.6861,29.5766%,1.7000
2022-10-05 09:41:00.668737,3.451,-0.0001,0.00000,2.0652,1.7061,3.5850,10.0030,27.2206%,1.7000
2022-10-05 10:13:17.761931,3.427,0.0000,0.00000,1.8420,1.6980,3.5539,9.6711,30.2770%,1.7000
2022-10-05 10:20:10.608374,3.425,-0.0001,0.00000,1.8839,1.7004,3.5506,9.7860,31.2795%,1.7000
2022-10-05 12:20:41.284236,3.326,-0.0000,0.00000,82.6357,84.0960,3.9436,35.2777,64.2390%,10.0000
2022-10-05 14:02:02.837523,3.381,-0.0001,0.00000,1.5952,1.5895,3.4243,6.2650,15.5810%,1.7000
2022-10-05 14:18:43.315351,3.439,-0.0000,0.00000,1.8737,1.8614,3.3559,3.9004,13.1426%,1.7000
2022-10-05 16:19:11.888693,3.806,0.4154,0.00000,1.9005,1.8755,3.5539,5.0641,15.4269%,1.9000
2022-10-05 18:19:48.813083,3.289,-0.0000,0.00000,1.8873,1.8653,3.3016,4.9914,20.0702%,1.9000
2022-10-05 20:20:20.321204,3.286,0.0000,0.00000,1.9003,1.8701,3.3050,5.0683,17.9141%,1.9000
2022-10-05 22:20:50.952277,3.281,0.0000,0.00000,1.8998,1.8765,3.3013,5.0227,16.0723%,1.9000
2022-10-06 00:21:20.796324,3.281,0.0000,0.00000,1.8998,1.8760,3.2995,5.0520,16.0159%,1.9000
2022-10-06 02:21:51.013434,3.279,0.0000,0.00000,1.8998,1.8755,3.2988,4.9389,16.0632%,1.9000
2022-10-06 04:22:20.573054,3.277,-0.0000,0.00000,1.8990,1.8762,3.2928,5.0234,16.3531%,1.9000
2022-10-06 06:22:51.894065,3.276,0.0000,0.00000,1.9000,1.8778,3.2956,5.0069,16.8338%,1.9000
2022-10-06 08:23:23.281018,3.276,-0.0000,0.00000,1.9005,1.8745,3.2964,4.9757,17.0123%,1.9000
2022-10-06 10:15:49.873423,3.278,0.0000,0.00000,1.9007,1.8774,3.2972,4.8797,17.5296%,1.9000
2022-10-06 12:16:20.107105,3.508,1.4000,1.40000,3.2620,2.9016,3.5173,6.7375,20.8194%,3.0000
2022-10-06 13:08:48.455050,3.515,1.4000,1.40000,5.1803,4.8945,3.5252,6.8000,19.5209%,5.0000
2022-10-06 13:47:01.680245,3.516,1.4000,1.40000,19.9976,18.6841,3.5287,7.1100,21.7945%,20.0000
2022-10-11 10:06:05.345127,3.269,-0.0000,0.00000,80.2272,78.2309,3.2803,4.8070,19.2905%,79.0000
2022-10-11 10:28:20.405469,3.282,-0.0000,0.00000,79.0229,76.7564,3.3024,4.8754,19.9207%,79.0000
2022-10-11 10:43:39.399822,3.285,-0.0000,0.00000,None,None,None,None,None,None
2022-10-11 11:15:01.443722,3.290,-0.0000,0.00000,80.8649,95.2855,3.3072,5.0449,20.0961%,79.0000
2022-10-11 13:15:31.733791,3.651,0.0000,0.00000,5.0747,4.8689,3.7620,9.9763,19.0784%,5.0000
2022-10-11 13:21:02.608742,3.495,-0.0000,0.00000,2.1443,1.9363,3.4518,5.1130,12.6955%,1.7000
2022-10-11 14:44:40.889408,3.287,-0.0000,0.00000,2.0008,1.9223,3.3072,5.1396,18.6694%,2.0000
2022-10-11 16:45:10.949907,3.440,0.0000,0.00000,2.0178,1.9312,3.3784,4.6983,17.2503%,2.0000
2022-10-11 18:45:52.365865,3.427,0.0000,0.00000,1.9928,1.9280,3.3748,4.7378,15.6527%,2.0000
2022-10-11 20:46:22.137086,3.636,5.0237,3.50000,5.1822,4.8871,3.4886,5.0132,17.8943%,5.0000
2022-10-11 22:47:02.784849,3.517,-3.5000,-3.50000,5.1906,4.8646,3.4407,4.9861,17.8500%,5.0000
2022-10-12 00:47:34.741539,3.733,-1.0144,0.00000,5.1589,4.8824,3.5319,5.0259,14.9935%,5.0000
2022-10-12 10:14:34.821890,3.436,-0.0000,0.00000,5.1588,4.8863,3.3900,5.0294,15.9884%,5.0000
2022-10-12 10:29:55.551945,3.436,0.0000,0.00000,5.1610,4.8678,3.3881,4.8786,15.9869%,5.0000
2022-10-12 12:11:17.648774,3.436,0.0000,0.00000,5.1581,4.9224,3.3898,5.0423,16.4019%,5.0000
2022-10-12 12:41:41.663469,3.274,0.0000,0.00000,5.1569,4.8562,3.2863,4.7440,17.2641%,5.0000
2022-10-12 12:58:38.069554,3.406,0.0000,0.00000,5.1620,4.8740,3.3747,4.9380,17.7340%,5.0000
2022-10-12 14:59:08.183688,3.458,5.0000,5.00000,4.8818,4.5046,3.3999,4.9354,18.6801%,5.0000
2022-10-12 16:59:40.188577,3.427,-0.0000,0.00000,9.9963,9.8560,3.3681,4.5239,16.5087%,10.0000
2022-10-12 19:00:14.106770,3.443,-5.0000,-5.00000,20.2606,17.5116,3.3861,5.5086,17.2610%,20.0000
2022-10-12 21:00:47.485643,3.438,0.0000,0.00000,5.0782,4.8023,3.3737,4.6993,15.7839%,5.0000
2022-10-12 23:01:20.018149,3.286,0.0000,0.00000,19.9951,18.6685,3.3047,5.1286,18.4787%,20.0000
2022-10-13 01:01:53.961078,3.284,-0.0001,0.00000,20.0014,18.6837,3.3037,5.5015,17.8134%,20.0000
2022-10-13 03:02:27.276895,3.284,0.0000,0.00000,19.9963,18.6825,3.3029,5.1091,16.9940%,20.0000
2022-10-13 05:02:58.221942,3.282,0.0000,0.00000,19.9965,18.7110,3.2993,4.4386,16.3760%,20.0000
2022-10-13 07:03:31.357306,3.281,-0.0001,0.00000,20.0011,18.6751,3.3011,4.6203,16.8780%,20.0000
2022-10-13 09:04:03.810688,3.283,-0.0000,0.00000,19.9937,18.6383,3.3014,4.7634,17.2030%,20.0000
2022-10-13 11:04:34.317020,3.607,0.0355,4.00000,30.0086,28.5257,3.5155,4.8406,15.3918%,30.0000
2022-10-13 13:05:06.227687,3.633,-4.3655,-7.00000,29.9998,28.5456,3.4968,5.9910,17.2869%,30.0000
2022-10-13 15:05:46.745094,3.449,0.0000,0.00000,58.8323,56.5211,3.3830,4.1917,16.2707%,30.0000
2022-10-13 17:06:18.466321,3.435,-0.0000,0.00000,81.3061,79.3310,3.3792,4.9769,16.6567%,80.0000
2022-10-13 19:06:52.517304,3.292,-0.0000,0.00000,79.9990,77.7242,3.3124,5.0701,18.1842%,80.0000
2022-10-13 21:07:26.922404,3.286,-0.0000,0.00000,79.9989,77.7194,3.3003,4.8979,16.4843%,80.0000
2022-10-13 23:08:00.593963,3.284,0.0000,0.00000,80.0016,77.7131,3.3020,4.8707,16.4920%,80.0000
2022-10-14 01:08:34.550626,3.281,-0.0001,0.00000,79.9990,77.7219,3.2951,5.0637,16.6430%,80.0000
2022-10-14 03:09:09.277213,3.281,0.0000,0.00000,79.9999,77.7181,3.2952,4.6363,16.7529%,80.0000
2022-10-14 05:09:42.536029,3.280,-0.0000,0.00000,80.0001,77.7208,3.2977,5.2128,16.6232%,80.0000
2022-10-14 07:10:16.711620,3.278,-0.0000,0.00000,80.0000,77.7204,3.2952,4.4412,16.4187%,80.0000
2022-10-14 09:10:51.282279,3.278,-0.0000,0.00000,79.9985,77.7213,3.2951,4.9523,17.1176%,80.0000
2022-10-14 11:11:26.924847,3.278,-0.0001,0.00000,79.9987,77.7219,3.2945,5.1205,17.9141%,80.0000
2022-10-14 13:11:59.871200,3.293,0.0000,0.00000,75.5400,71.7459,3.3141,5.2449,18.1155%,5.0000
2022-10-14 15:12:32.885285,3.287,-0.0000,0.00000,15.8256,15.0025,3.3117,4.9200,16.2264%,5.0000
2022-10-14 16:16:08.186266,3.440,-0.0000,3.50000,5.1798,4.8895,3.3955,5.1376,15.3582%,5.0000
2022-10-14 18:16:40.376228,3.544,3.5000,3.50000,5.1997,4.8681,3.4686,5.0863,16.2081%,5.0000
2022-10-14 20:17:15.120010,3.613,-0.0775,-3.50000,5.1917,4.8453,3.4491,4.8891,17.8759%,5.0000
2022-10-14 22:17:57.090001,3.386,-7.0000,-7.00000,5.2140,4.8499,3.3638,4.8328,18.6603%,5.0000
2022-10-15 00:18:30.567992,3.478,-7.0000,-7.00000,13.9033,13.7664,3.4093,5.4596,15.7855%,15.0000
2022-10-15 02:19:04.459348,3.480,-7.0000,-7.00000,13.9045,13.7895,3.4146,4.7976,16.4187%,15.0000
2022-10-15 04:19:39.480250,3.481,-7.0000,-7.00000,13.9023,13.7680,3.4153,4.9994,17.1542%,15.0000
2022-10-15 06:20:13.259926,3.481,-7.0000,-7.00000,13.9057,13.7211,3.4160,5.4033,18.0758%,15.0000
2022-10-15 08:20:46.877597,3.483,-7.0000,-7.00000,13.9042,13.7811,3.4170,4.9004,18.1872%,15.0000
2022-10-15 10:21:20.950983,3.483,-7.0000,-7.00000,13.8979,13.7317,3.4158,5.0386,18.2971%,15.0000
2022-10-15 12:21:54.829988,3.487,-7.0000,-7.00000,49.9990,48.1922,3.4252,5.5497,18.6282%,50.0000
2022-10-15 14:22:28.252247,3.457,-0.0000,0.00000,59.8484,57.5451,3.3869,4.9347,16.0769%,15.0000
2022-10-15 14:40:33.528218,3.443,-0.0000,0.00000,53.7165,51.7760,3.3754,4.9081,17.9126%,15.0000
2022-10-15 14:47:56.170052,3.441,-0.0000,0.00000,51.0230,49.1716,3.3787,5.0424,18.6755%,15.0000
2022-10-15 16:48:28.238839,3.440,0.0000,0.00000,56.1821,53.9718,3.3899,4.5267,15.8572%,50.0000
2022-10-15 18:49:01.824982,3.284,-0.0000,0.00000,24.9977,23.6070,3.3056,5.0067,18.4298%,25.0000
2022-10-15 20:49:35.058977,3.448,7.0000,7.00000,24.9942,23.6219,3.3767,3.9987,17.7676%,25.0000
2022-10-15 22:50:09.310022,3.339,7.0000,7.00000,80.0021,77.7203,3.3372,5.2343,19.3713%,80.0000
2022-10-16 00:50:44.350022,3.343,7.0000,7.00000,80.0001,77.7204,3.3419,5.0396,16.3821%,80.0000
2022-10-16 02:51:17.580107,3.343,7.0000,7.00000,80.0015,77.7195,3.3370,4.9269,17.0489%,80.0000
2022-10-16 04:51:50.253012,3.343,7.0000,7.00000,80.0020,77.7164,3.3372,4.9719,18.0362%,80.0000
2022-10-16 06:52:24.496862,3.342,7.0000,7.00000,80.0014,77.7177,3.3388,5.1256,19.1302%,80.0000
2022-10-16 08:52:58.323982,3.350,7.0000,7.00000,80.0009,77.7163,3.3508,5.4290,17.5799%,80.0000
2022-10-16 10:53:31.756048,3.344,7.0000,7.00000,80.0007,77.7228,3.3419,4.9953,16.8109%,80.0000
2022-10-16 14:27:35.032173,3.799,-0.0016,7.00000,4.9905,4.6270,3.9542,10.2565,20.8927%,5.0000
2022-10-16 16:28:07.108995,3.610,6.8888,7.00000,5.2126,4.8679,3.4744,4.9550,17.7096%,5.0000
2022-10-16 18:28:48.614312,3.612,-6.6284,-7.00000,5.2020,4.8870,3.4783,5.1243,14.2443%,5.0000
2022-10-16 20:29:31.636003,3.454,0.0000,0.00000,5.1690,4.8757,3.4043,4.9728,15.1247%,5.0000
2022-10-16 22:30:06.607298,3.656,3.6644,3.00000,5.1805,4.8804,3.5090,5.3781,16.2890%,5.0000
2022-10-17 00:30:47.298876,3.619,-5.5681,-7.00000,5.2018,4.9135,3.4903,5.4311,17.0596%,5.0000
2022-10-17 02:31:29.896879,3.445,3.0000,3.00000,5.1662,4.8773,3.3855,4.8193,17.8622%,5.0000
2022-10-17 04:32:03.440943,3.420,0.0000,0.00000,14.9330,13.8502,3.3566,4.9798,15.1949%,15.0000
2022-10-17 06:32:37.251615,3.276,0.0000,0.00000,15.0042,13.7559,3.2996,5.0339,17.8622%,15.0000
2022-10-17 08:33:13.114984,3.275,0.0000,0.00000,15.0076,13.7758,3.2990,5.2327,16.9924%,15.0000
2022-10-17 10:33:47.345758,3.646,2.8836,7.00000,5.1779,4.9060,3.4944,4.9115,14.1726%,5.0000
2022-10-17 12:34:29.042649,3.641,-3.7153,-7.00000,5.2125,4.8589,3.4949,5.0613,16.3470%,5.0000
2022-10-17 14:35:13.104238,3.304,0.0000,-7.00000,79.0036,76.7515,3.3142,4.7062,18.7671%,79.0000
2022-10-18 11:15:25.211561,None,None,None,5.1588,4.8917,3.2961,5.1750,16.3088%,5.0000
2022-10-18 11:18:14.328879,3.275,-0.0000,-7.00000,5.1373,4.8675,3.2941,4.7783,16.4172%,5.0000
2022-10-18 13:18:46.605419,3.600,6.0612,0.00000,5.1791,4.8790,3.4666,5.0202,15.0103%,5.0000
2022-10-18 15:19:29.766248,3.635,-5.1892,0.00000,5.1763,4.8585,3.4986,5.1459,17.1878%,5.0000
2022-10-18 17:20:12.807221,3.449,-0.0000,0.00000,19.6561,18.9422,3.4092,5.4833,15.7595%,20.0000
2022-10-18 19:20:48.871177,3.702,1.6212,0.00000,5.1929,4.8995,3.5277,5.2890,15.5581%,5.0000
2022-10-18 21:21:33.906403,3.588,-6.3834,0.00000,11.7750,10.9181,3.4576,4.9040,16.5545%,5.0000
2022-10-18 23:22:17.878035,3.431,3.0000,7.00000,18.8257,17.9370,3.3812,4.3366,17.7569%,5.0000
2022-10-19 01:22:57.407992,3.422,-0.0000,0.00000,10.0176,9.8189,3.3573,4.5501,15.5428%,10.0000
2022-10-19 03:23:31.371982,3.322,-7.0000,-7.00000,19.9988,18.7222,3.3204,4.9541,15.3216%,20.0000
2022-10-19 05:24:05.321971,3.331,-7.0000,-7.00000,20.0019,18.7107,3.3343,5.6199,17.5006%,20.0000
2022-10-19 07:24:40.654122,3.335,-7.0000,-7.00000,19.9940,18.6896,3.3360,4.6405,15.8511%,20.0000
2022-10-19 09:25:14.524643,3.334,-7.0000,-7.00000,20.0005,18.6805,3.3364,4.1905,15.5123%,20.0000
2022-10-19 11:25:46.640010,3.335,-7.0000,-7.00000,20.0035,18.6356,3.3367,4.6008,17.0138%,20.0000
2022-10-19 13:26:20.153367,3.870,-0.1600,-7.00000,19.9971,18.6944,3.5828,4.8833,13.7972%,20.0000
2022-10-19 15:27:00.957680,3.435,-0.0000,-7.00000,20.0002,18.6397,3.3880,5.4304,17.6394%,20.0000
2022-10-19 17:27:35.352508,3.434,0.0000,-7.00000,20.0023,18.6549,3.3905,5.4015,17.7325%,20.0000
2022-10-19 19:28:07.220538,3.433,0.0000,-7.00000,20.0044,18.6489,3.3899,5.5860,16.6018%,20.0000
2022-10-19 21:28:41.656143,3.625,4.0905,7.00000,5.1795,4.8731,3.4803,5.0013,14.5235%,5.0000
2022-10-19 23:29:24.799622,3.437,0.0000,0.00000,19.9765,18.7059,3.3869,4.1236,17.6440%,20.0000
2022-10-20 01:29:58.632025,3.750,-0.7811,0.00000,5.1657,4.8971,3.5358,5.0146,16.5911%,5.0000
2022-10-20 03:30:41.810968,3.452,7.0000,7.00000,9.5144,9.4367,3.3907,4.8775,14.8547%,10.0000
2022-10-20 05:31:15.259621,3.461,-3.0000,-3.00000,5.1810,4.9025,3.4022,4.8946,16.9467%,5.0000
2022-10-20 07:31:50.190493,3.729,-1.0374,0.00000,5.1592,4.8822,3.5310,5.1758,13.8521%,5.0000
2022-10-20 09:32:32.304147,3.276,-0.0000,0.00000,78.0843,77.9803,3.2845,4.7359,18.1674%,79.0000
2022-10-20 10:15:47.076593,3.291,0.0000,0.00000,None,None,None,None,None,None
2022-10-20 16:00:17.084865,3.281,-0.0000,0.00000,86.8527,94.4743,3.2929,4.5847,16.4553%,79.0000
2022-10-20 16:04:03.400995,3.283,0.0000,0.00000,88.7993,92.1995,3.2960,5.1371,16.5698%,1.7000
2022-10-20 16:42:41.290193,3.456,0.0000,0.00000,89.5842,85.1665,3.4119,5.1594,16.3622%,1.7000
2022-10-20 18:43:13.570065,3.287,0.0000,0.00000,47.0447,45.3637,3.3085,5.4746,15.7168%,1.7000
2022-10-20 20:43:47.204013,3.275,0.0000,0.00000,1.6970,1.6182,3.2992,4.9700,15.2911%,1.7000
2022-10-20 22:44:20.978973,3.274,-0.0000,0.00000,1.7014,1.6192,3.2959,4.9725,16.0555%,1.7000
2022-10-21 00:44:56.159017,3.273,-0.0000,0.00000,1.7037,1.6156,3.2952,4.9977,16.4523%,1.7000
2022-10-21 02:45:29.595485,3.271,0.0000,0.00000,1.6997,1.6175,3.2929,5.0163,16.4660%,1.7000
2022-10-21 04:46:02.923645,3.270,0.0000,0.00000,1.6984,1.6159,3.2923,4.9992,16.3134%,1.7000
2022-10-21 06:46:36.767337,3.271,0.0000,0.00000,1.6971,1.6165,3.2953,5.0050,16.1364%,1.7000
2022-10-21 08:47:10.281963,3.271,-0.0001,0.00000,1.6984,1.6169,3.2941,5.0158,15.6252%,1.7000
2022-10-21 10:47:43.847123,3.273,0.0000,0.00000,13.5304,14.7746,3.2940,5.1547,15.3399%,1.7000
2022-10-21 12:48:18.709993,3.592,0.0000,0.00000,299.9930,294.1953,3.4405,4.9245,16.3104%,300.000
2022-10-21 14:48:52.226958,3.643,-0.0000,0.00000,300.1416,294.1886,3.4630,4.8899,16.4614%,300.000
2022-10-21 16:49:25.792448,3.646,0.0000,0.00000,1.1986,294.1998,3.4713,4.9208,17.4807%,300.000
2022-10-21 18:49:57.094269,3.642,0.0000,0.00000,1.1986,294.1974,3.4702,4.9125,16.1181%,300.000
2022-10-21 20:50:30.516710,3.638,0.0000,0.00000,1.1986,294.2038,3.4648,5.0648,16.2646%,300.000
2022-10-21 22:51:04.352281,3.636,0.0000,0.00000,1.1986,294.1928,3.4646,4.9567,16.5606%,300.000
2022-10-22 00:51:37.647453,3.637,0.0000,0.00000,1.1986,294.2052,3.4636,5.1868,17.2473%,300.000
2022-10-22 02:52:11.089711,3.639,0.0000,0.00000,1.1986,294.1918,3.4714,5.3462,16.8460%,300.000
2022-10-22 04:52:43.247044,3.636,-0.0000,0.00000,1.1986,294.1901,3.4658,5.2077,16.1395%,300.000
2022-10-22 06:53:17.905284,3.639,-0.0000,0.00000,1.1986,294.2103,3.4703,4.9438,16.3485%,300.000
2022-10-22 08:53:50.846864,3.636,0.0000,0.00000,1.1986,294.2037,3.4668,4.9547,17.7539%,300.000
2022-10-22 10:54:24.932177,3.645,-0.0000,0.00000,1.1986,294.1967,3.4819,5.0853,18.5122%,300.000
2022-10-22 12:54:58.334991,3.640,0.0000,0.00000,1.1986,294.1895,3.4692,5.0009,16.0647%,300.000
2022-10-22 14:55:31.676069,3.639,-0.0000,0.00000,1.1986,294.2091,3.4671,5.1552,16.1563%,300.000
2022-10-22 16:56:04.947635,3.604,-0.0000,0.00000,1.1986,163.1692,3.6383,6.5409,16.5866%,300.000
2022-10-22 18:56:38.537443,3.318,-0.0000,0.00000,1.1986,104.6509,3.3241,5.3612,18.6786%,300.000
2022-10-22 20:57:14.051630,3.288,-0.0000,0.00000,1.1986,52.3862,3.3059,5.0934,15.4879%,300.000
2022-10-22 22:57:47.452490,3.273,0.0000,0.00000,1.1986,2.7870,3.2942,4.8907,15.3628%,300.000
2022-10-23 00:58:21.386605,3.274,0.0000,0.00000,1.1986,2.7970,3.2999,5.0357,17.8149%,300.000
2022-10-23 02:58:55.885008,3.272,-0.0000,0.00000,1.1986,2.7891,3.2981,4.9563,16.8994%,300.000
2022-10-23 04:59:29.981619,3.271,-0.0000,0.00000,1.1986,2.7821,3.2976,5.0375,15.8145%,300.000
2022-10-23 07:00:04.822251,3.269,0.0000,0.00000,1.1986,2.7892,3.2946,4.9847,15.1339%,300.000
2022-10-23 09:00:40.746041,3.267,0.0000,0.00000,1.1986,2.7775,3.2929,4.9329,15.4406%,300.000
2022-10-23 11:01:16.262981,3.268,0.0000,0.00000,1.1986,2.7981,3.2922,5.0958,16.6979%,300.000
2022-10-23 13:01:49.845915,3.274,0.0000,0.00000,1.1986,2.7893,3.2976,4.9368,17.9110%,300.000
2022-10-23 15:02:22.850186,3.273,-0.0000,0.00000,1.1986,2.7594,3.2970,5.0945,17.1511%,300.000
2022-10-23 17:02:56.845024,3.274,0.0000,0.00000,1.1986,2.7335,3.3019,5.0218,16.3668%,300.000
2022-10-23 19:03:30.397007,3.275,0.0000,0.00000,1.1986,2.7650,3.3000,5.0161,15.4528%,300.000
2022-10-23 21:04:04.055434,3.274,0.0000,0.00000,1.1986,2.7868,3.2989,5.0515,15.2224%,300.000
2022-10-23 23:04:35.748044,3.273,0.0000,0.00000,1.1986,2.7713,3.2967,4.9186,15.2529%,300.000
2022-10-24 01:05:09.529831,3.271,0.0000,0.00000,1.1986,2.7885,3.2974,5.0240,15.1812%,300.000
2022-10-24 03:05:43.101272,3.270,-0.0000,0.00000,1.1986,2.7719,3.2959,4.9225,15.2316%,300.000
2022-10-24 05:06:16.584910,3.270,-0.0000,0.00000,1.1986,2.7864,3.2946,4.9962,15.3475%,300.000
2022-10-24 07:06:51.046000,3.272,-0.0000,0.00000,1.1986,2.7871,3.2980,4.9827,15.6207%,300.000
2022-10-24 09:07:25.572592,3.271,0.0000,0.00000,1.1986,2.7606,3.2991,4.9662,16.1028%,300.000
2022-10-24 11:07:57.292989,3.272,-0.0000,0.00000,1.1986,2.7486,3.2954,4.9528,17.0840%,300.000
2022-10-24 13:08:29.007891,3.275,0.0000,0.00000,1.1986,2.7909,3.3032,5.0613,18.0377%,300.000
2022-10-24 15:09:02.518002,3.274,0.0000,0.00000,1.1986,2.7318,3.2990,4.9871,17.4640%,300.000
2022-10-24 17:09:36.508006,3.273,0.0000,0.00000,1.1986,2.7875,3.3005,4.9121,16.6995%,300.000
2022-10-24 19:10:09.840038,3.274,0.0000,0.00000,1.1986,2.7641,3.2992,5.0424,16.3195%,300.000
2022-10-24 21:10:42.800642,3.273,0.0000,0.00000,1.1986,2.7742,3.2983,5.0628,16.3684%,300.000
2022-10-24 23:11:17.875896,3.275,0.0000,0.00000,1.1986,2.7496,3.3018,5.0320,17.1359%,300.000
2022-10-25 01:11:50.955382,3.274,-0.0000,0.00000,1.1986,2.7792,3.3007,4.9677,17.1420%,300.000
2022-10-25 03:12:24.611966,3.272,0.0000,0.00000,1.1986,2.7860,3.2976,5.1445,16.9024%,300.000
2022-10-25 05:12:58.793462,3.271,0.0000,0.00000,1.1986,2.7526,3.2996,4.9240,16.5713%,300.000
2022-10-25 07:13:31.809974,3.272,0.0000,0.00000,1.1986,2.7510,3.2977,4.9874,16.2676%,300.000
2022-10-25 09:14:06.568042,3.272,-0.0000,0.00000,1.1986,2.7519,3.3000,4.9284,15.8358%,300.000
2022-10-25 11:14:39.706904,3.281,0.0000,0.00000,1.1986,35.3588,3.3052,4.3608,15.5047%,300.000
2022-10-25 13:15:11.537012,3.118,0.0000,0.00000,1.1986,20.8651,2.9912,0.1666,100.0000%,300.000
2022-10-25 15:15:45.199053,22.946,-0.0000,0.00000,1.1986,44.6929,23.5485,1.9839,100.0000%,300.000
2022-10-25 17:16:19.601649,46.249,0.0000,0.00000,1.1986,75.6674,48.1960,3.1028,100.0000%,300.000
2022-10-25 19:16:53.047369,80.878,0.0000,0.00000,1.1986,117.7972,87.3481,58.5907,100.0000%,300.000
2022-10-25 21:17:26.186034,108.259,-0.0000,0.00000,1.1986,151.4006,118.0043,67.5471,100.0000%,300.000
2022-10-25 23:18:00.699011,130.928,-0.0000,0.00000,1.1986,172.8906,141.6570,69.8527,100.0000%,300.000
2022-10-26 01:18:31.971918,150.417,0.0000,0.00000,1.1986,188.1595,161.0422,70.9068,100.0000%,300.000
2022-10-26 03:19:06.053022,167.558,0.0000,0.00000,1.1986,200.4876,177.5231,71.5466,100.0000%,300.000
2022-10-26 05:19:39.180141,182.544,0.0000,0.00000,1.1986,211.2216,191.2837,72.0236,100.0000%,300.000
2022-10-26 07:20:12.526421,195.807,0.0000,0.00000,1.1986,220.6476,203.4967,72.4056,100.0000%,300.000
2022-10-26 09:20:47.832424,207.602,0.0000,0.00000,1.1986,229.0771,214.6772,72.6942,100.0000%,300.000
2022-10-26 11:21:22.747032,218.470,-0.0000,0.00000,1.1986,236.6750,224.8870,72.9596,100.0000%,300.000
2022-10-26 13:21:55.506598,228.555,-0.0000,0.00000,1.1986,243.8737,234.1652,73.2291,100.0000%,300.000
2022-10-26 15:22:29.530628,237.224,0.0000,0.00000,1.1986,250.7367,242.2174,73.4553,100.0000%,300.000
2022-10-26 17:23:02.610105,244.663,0.0000,0.00000,1.1986,256.5876,248.9969,73.5721,100.0000%,300.000
2022-10-26 19:23:34.321622,251.078,0.0000,0.00000,1.1986,261.5037,255.0177,73.6644,100.0000%,300.000
2022-10-26 21:24:07.501289,256.867,-0.0000,0.00000,1.1986,265.9236,260.2025,73.6707,100.0000%,300.000
2022-10-26 23:24:42.675369,261.858,0.0000,0.00000,1.1986,269.6449,264.8869,73.7930,100.0000%,300.000
2022-10-27 01:25:14.164574,266.277,0.0000,0.00000,1.1986,273.0055,268.8493,73.8776,100.0000%,300.000
2022-10-27 03:25:47.095007,270.009,0.0000,0.00000,1.1986,275.8612,272.3640,73.9415,100.0000%,300.000
2022-10-27 05:26:21.490463,273.424,0.0000,0.00000,1.1986,278.3285,275.4051,73.9909,100.0000%,300.000
2022-10-27 07:26:53.904166,276.311,0.0000,0.00000,1.1986,280.4775,278.0335,74.0393,100.0000%,300.000
2022-10-27 09:27:27.465559,278.802,0.0000,0.00000,1.1986,282.4682,280.2867,74.0799,100.0000%,300.000
2022-10-27 11:27:59.827913,281.013,-0.0000,0.00000,1.1986,284.1865,282.3743,74.1412,100.0000%,300.000
2022-10-27 13:28:34.059568,282.994,-0.0000,0.00000,1.1986,285.6812,284.1809,74.1608,100.0000%,300.000
2022-10-27 15:29:06.286003,284.710,0.0000,0.00000,1.1986,286.9653,285.7369,74.1905,100.0000%,300.000
2022-10-27 17:29:40.739927,286.153,0.0000,0.00000,1.1986,288.0645,287.0274,74.2140,100.0000%,300.000
2022-10-27 19:30:14.458056,287.386,0.0000,0.00000,1.1986,288.9824,288.1290,74.2423,100.0000%,300.000
2022-10-27 21:30:48.037499,288.429,0.0001,0.00000,1.1986,289.7788,289.0632,74.1528,100.0000%,300.000
2022-10-27 23:31:19.562450,289.304,-0.0000,0.00000,1.1986,290.4539,289.8437,74.2239,100.0000%,300.000
2022-10-28 01:31:50.987417,290.020,-0.0000,0.00000,1.1986,291.0585,290.5554,74.2545,100.0000%,300.000
2022-10-28 03:32:24.727333,290.685,0.0000,0.00000,1.1986,291.5154,291.1253,74.2754,100.0000%,300.000
2022-10-28 05:33:00.093772,291.224,0.0000,0.00000,1.1986,291.9446,291.6181,74.2846,100.0000%,300.000
2022-10-28 07:33:33.372157,291.711,0.0000,0.00000,1.1986,292.2933,292.0346,74.2880,100.0000%,300.000
2022-10-28 09:34:06.877402,292.094,0.0000,0.00000,1.1986,292.6089,292.3893,74.3045,100.0000%,300.000
2022-10-28 11:34:42.337229,292.507,-0.0000,0.00000,1.1986,292.9451,292.7612,74.4389,100.0000%,300.000
2022-10-28 13:35:17.229617,292.886,0.0000,0.00000,1.1986,293.4047,293.1816,74.6772,100.0000%,300.000
2022-10-28 15:35:50.451358,293.367,0.0000,0.00000,1.1986,293.8818,293.6713,74.9356,100.0000%,300.000
2022-10-28 17:36:24.055987,293.790,0.0000,0.00000,1.1986,293.7870,294.0740,75.0516,100.0000%,300.000
2022-10-28 19:36:59.458317,294.089,0.0000,0.00000,1.1986,294.4626,294.3268,74.9938,100.0000%,300.000
2022-10-28 21:37:34.770625,294.312,0.0000,0.00000,1.1986,294.5707,294.4843,74.6767,100.0000%,300.000
2022-10-28 23:38:08.393956,294.437,0.0000,0.00000,1.1986,294.5974,294.5527,74.3125,100.0000%,300.000
2022-10-29 01:38:42.909990,294.494,0.0000,0.00000,1.1986,294.5504,294.5987,74.1913,100.0000%,300.000
2022-10-29 03:39:15.880097,294.524,0.0000,0.00000,1.1986,294.5550,294.5973,74.3232,100.0000%,300.000
2022-10-29 05:39:49.582991,294.512,0.0000,0.00000,1.1986,294.5400,294.6007,74.3527,100.0000%,300.000
2022-10-29 07:40:25.257197,294.529,0.0000,0.00000,1.1986,294.5428,294.5891,74.3577,100.0000%,300.000
2022-10-29 09:40:57.424069,294.541,-0.0000,0.00000,1.1986,294.5244,294.5922,74.3828,100.0000%,300.000
2022-10-29 11:41:31.566943,294.535,-0.0000,0.00000,1.1986,294.5303,294.5894,74.3586,100.0000%,300.000
2022-10-29 13:42:05.293699,294.567,-0.0000,0.00000,1.1986,294.6165,294.6485,74.4580,100.0000%,300.000
2022-10-29 15:42:39.576568,294.605,0.0000,0.00000,1.1986,294.6737,294.7069,74.4267,100.0000%,300.000
2022-10-29 17:43:14.217305,294.678,-0.0000,0.00000,1.1986,294.7132,294.7580,74.4146,100.0000%,300.000
2022-10-29 19:43:49.518014,294.718,0.0000,0.00000,1.1986,294.7553,294.8041,74.4440,100.0000%,300.000
2022-10-29 21:44:23.728973,294.753,0.0000,0.00000,1.1986,294.7937,294.8384,74.4265,100.0000%,300.000
2022-10-29 23:44:58.432455,294.775,0.0000,0.00000,1.1986,294.8249,294.8547,74.2990,100.0000%,300.000
2022-10-30 01:45:33.580047,294.770,0.0000,0.00000,1.1986,294.7828,294.8539,74.3768,100.0000%,300.000
2022-10-30 03:46:07.124468,294.778,-0.0000,0.00000,1.1986,294.7639,294.8365,74.3711,100.0000%,300.000
2022-10-30 05:46:39.520495,294.788,0.0000,0.00000,1.1986,294.7620,294.8413,74.3805,100.0000%,300.000
2022-10-30 07:47:11.468156,294.760,-0.0000,0.00000,1.1986,294.7449,294.8200,74.3866,100.0000%,300.000
2022-10-30 09:47:45.604026,294.748,0.0000,0.00000,1.1986,294.7172,294.7959,74.4268,100.0000%,300.000
2022-10-30 11:48:20.703481,294.715,-0.0000,0.00000,1.1986,294.7113,294.7642,74.4283,100.0000%,300.000
2022-10-30 13:48:55.727379,294.718,-0.0000,0.00000,1.1986,294.7193,294.7694,74.5178,100.0000%,300.000
2022-10-30 15:49:31.550020,294.736,0.0000,0.00000,1.1986,294.8018,294.8419,74.5615,100.0000%,300.000
2022-10-30 17:50:04.880029,294.801,-0.0000,0.00000,1.1986,294.8357,294.8723,74.5230,100.0000%,300.000
2022-10-30 19:50:38.559623,294.827,0.0000,0.00000,1.1986,294.8579,294.9086,74.5029,100.0000%,300.000
2022-10-30 21:51:11.940026,294.867,0.0000,0.00000,1.1986,294.8877,294.9302,74.4344,100.0000%,300.000
2022-10-30 23:51:46.495583,294.843,0.0000,0.00000,1.1986,294.8514,294.9206,74.4735,100.0000%,300.000
2022-10-31 01:52:18.824397,294.854,-0.0000,0.00000,1.1986,294.8265,294.8908,74.5039,100.0000%,300.000
2022-10-31 03:52:52.277484,294.814,0.0000,0.00000,1.1986,294.7646,294.8555,74.5140,100.0000%,300.000
2022-10-31 05:53:25.636764,294.767,0.0000,0.00000,1.1986,294.7554,294.8264,74.5142,100.0000%,300.000
2022-10-31 07:53:59.046233,294.776,0.0000,0.00000,1.1986,294.7159,294.7933,74.5206,100.0000%,300.000
2022-10-31 09:41:34.525399,294.736,0.0000,0.00000,None,None,None,None,None,None
2022-10-31 09:45:35.526380,294.696,-0.0000,0.00000,1.1986,294.6824,294.7787,74.5260,100.0000%,300.000
2022-10-31 10:18:21.254592,294.725,0.0000,0.00000,1.1986,294.6807,294.7617,74.5269,100.0000%,0.0000
2022-11-02 14:36:24.406258,295.405,0.0000,0.00000,294.3409,294.2270,295.4917,3.6480,100.0000%,0.0000
2022-11-02 16:36:56.403959,284.986,0.0000,0.00000,287.4584,284.0760,224.6626,4.5111,100.0000%,1.7000
2022-11-02 18:37:31.989022,267.477,-0.0000,0.00000,260.4323,256.1090,201.9809,5.4297,100.0000%,1.7000
2022-11-02 20:38:05.040007,249.615,0.0000,0.00000,233.4451,229.4169,185.7689,6.1274,100.0000%,1.7000
2022-11-02 22:38:39.425012,232.492,0.0000,0.00000,210.0664,206.7859,171.1727,6.7253,100.0000%,1.7000
2022-11-03 00:39:12.969865,216.238,-0.0000,0.00000,190.2252,187.3876,157.8333,7.2842,100.0000%,1.7000
2022-11-03 02:39:48.573239,200.684,-0.0000,0.00000,172.9857,170.3122,145.2968,7.8238,100.0000%,1.7000
2022-11-03 04:40:24.041609,185.948,0.0000,0.00000,157.5001,155.2258,133.1158,8.4261,100.0000%,1.7000
2022-11-03 06:40:55.743614,171.513,-0.0000,0.00000,143.3142,141.1329,121.2611,9.0522,100.0000%,1.7000
2022-11-03 08:41:29.591634,157.683,-0.0000,0.00000,129.5994,127.6943,109.0693,9.7538,100.0000%,1.7000
2022-11-03 10:42:01.203979,143.831,-0.0000,0.00000,116.4289,114.6703,98.1575,10.0652,93.7575%,1.7000
2022-11-03 12:42:34.826498,129.762,0.0000,0.00000,103.9525,102.3838,87.6796,10.0881,84.7318%,1.7000
2022-11-03 14:43:08.267000,115.696,0.0000,0.00000,91.8877,90.5663,77.5208,10.0691,79.3378%,1.7000
2022-11-03 16:43:41.966809,100.638,0.0000,0.00000,80.1142,79.0806,67.6322,10.0604,73.9040%,1.7000
2022-11-03 18:44:15.835742,84.220,0.0000,0.00000,68.3276,67.5228,57.6894,10.0706,68.8685%,1.7000
2022-11-03 20:44:49.377006,64.457,0.0000,0.00000,55.6636,55.0568,46.6376,10.1045,62.3163%,1.7000
2022-11-03 22:45:22.806009,31.769,-0.0000,0.00000,35.9565,35.4892,25.8420,10.3187,48.9006%,1.7000
2022-11-04 00:45:56.213000,3.483,-0.0000,0.00000,1.7834,1.7060,3.5955,9.6831,27.9545%,1.7000
2022-11-04 02:46:30.137530,3.448,0.0000,0.00000,1.7809,1.7069,3.5765,9.7502,28.3421%,1.7000
2022-11-04 04:47:03.821633,3.469,-0.0000,0.00000,1.9337,1.7159,3.6083,10.1289,27.6707%,1.7000
2022-11-04 06:47:37.290002,3.461,-0.0000,0.00000,1.9583,1.7193,3.6009,10.3047,30.5699%,1.7000
2022-11-04 08:48:12.238305,3.441,0.0000,0.00000,1.7836,1.7051,3.5685,9.7138,30.1717%,1.7000
2022-11-04 10:48:45.800128,3.283,-0.0000,0.00000,1.6958,1.5512,3.3009,4.7036,20.4898%,1.7000
2022-11-04 12:49:18.070234,3.670,-0.0000,0.00000,18.3517,15.9613,3.9204,12.4392,22.5971%,1.7000
2022-11-04 14:49:52.102196,3.680,4.0389,0.00000,5.1736,4.8669,3.5320,5.1136,17.8607%,5.0000
2022-11-04 16:50:35.795934,3.681,-3.1626,0.00000,5.1683,4.8494,3.5202,5.0093,16.4370%,5.0000
2022-11-04 17:28:57.060601,3.461,-0.0000,0.00000,5.1673,4.8714,3.4053,4.7429,17.3205%,5.0000
2022-11-04 17:50:01.155538,3.467,0.0000,0.00000,5.1576,4.8778,3.4190,5.0817,18.7396%,5.0000
2022-11-04 19:50:33.239635,3.692,-2.3204,-7.00000,5.1686,4.8867,3.5205,4.6674,15.1415%,5.0000
2022-11-04 21:51:15.776658,3.312,-0.0000,0.00000,5.1645,4.8803,3.3361,4.9236,19.0723%,5.0000
2022-11-04 23:51:48.578949,3.306,0.0000,0.00000,5.1641,4.8690,3.3325,5.0577,18.6969%,5.0000
2022-11-05 01:52:23.686003,3.304,0.0000,0.00000,5.1606,4.8971,3.3283,5.0730,17.1908%,5.0000
2022-11-05 03:52:57.431157,3.298,0.0000,0.00000,5.1593,4.8654,3.3210,5.0529,15.5718%,5.0000
2022-11-05 05:53:30.001098,3.297,0.0000,0.00000,5.1497,4.8721,3.3218,5.0137,17.0596%,5.0000
2022-11-05 07:54:03.683052,3.297,0.0000,0.00000,5.1515,4.8850,3.3203,5.2222,18.5077%,5.0000
2022-11-05 09:54:36.849163,3.298,0.0000,0.00000,5.1416,4.9235,3.3201,4.9672,18.8418%,5.0000
2022-11-05 11:55:10.172949,3.299,-0.0000,0.00000,5.1430,4.8875,3.3253,5.0040,18.8540%,5.0000
2022-11-05 13:55:41.904611,3.301,0.0000,0.00000,5.1422,4.8725,3.3265,4.7302,18.9899%,5.0000
2022-11-05 15:56:16.827105,3.301,-0.0000,0.00000,5.1507,4.8761,3.3228,4.9082,18.7350%,5.0000
2022-11-05 17:56:50.405631,3.301,-0.0000,0.00000,5.1517,4.9082,3.3271,4.9964,18.2956%,5.0000
2022-11-05 19:57:24.140058,3.300,-0.0000,0.00000,5.1576,4.8661,3.3232,4.8652,17.6623%,5.0000
2022-11-05 21:57:58.053438,3.300,-0.0000,0.00000,5.1583,4.8681,3.3222,5.0316,16.8750%,5.0000
2022-11-05 23:58:32.897330,3.300,-0.0000,0.00000,5.1584,4.8749,3.3263,5.0052,16.0769%,5.0000
2022-11-06 01:59:05.254980,3.298,0.0000,0.00000,5.1536,4.8838,3.3228,5.2379,15.6786%,5.0000
2022-11-06 02:59:39.008967,3.298,0.0000,0.00000,5.1564,4.8702,3.3226,4.8313,15.5871%,5.0000
2022-11-06 05:00:12.071262,3.293,0.0000,0.00000,5.1634,4.8761,3.3160,5.0958,16.8093%,5.0000
2022-11-06 07:00:47.387178,3.295,-0.0000,0.00000,5.1452,4.9189,3.3171,5.0683,19.0631%,5.0000
2022-11-06 09:01:21.967677,3.297,0.0000,0.00000,5.1579,4.8773,3.3187,4.9165,18.6908%,5.0000
2022-11-06 11:01:56.405480,3.297,0.0000,0.00000,5.1544,4.8813,3.3220,4.9100,18.1521%,5.0000
2022-11-06 13:02:31.914670,3.296,-0.0000,0.00000,5.1596,4.8836,3.3181,5.1203,17.9812%,5.0000
2022-11-06 15:03:05.179988,3.296,0.0000,0.00000,5.1607,4.8872,3.3216,5.1780,17.8820%,5.0000
2022-11-06 17:03:40.125469,3.297,0.0000,0.00000,5.1539,4.8977,3.3219,5.1282,17.8515%,5.0000
2022-11-06 19:04:13.713637,3.296,0.0000,0.00000,5.1569,4.8734,3.3205,4.9688,17.3358%,5.0000
2022-11-06 21:04:47.011994,3.296,0.0000,0.00000,5.1483,4.8797,3.3217,4.9816,16.6445%,5.0000
2022-11-06 23:05:20.946401,3.296,-0.0000,0.00000,5.1608,4.8766,3.3182,5.0414,16.0266%,5.0000
2022-11-07 01:05:55.410095,3.295,0.0000,0.00000,5.1610,4.8537,3.3185,5.1988,15.5840%,5.0000
2022-11-07 03:06:29.295003,3.292,-0.0000,0.00000,5.1524,4.8686,3.3129,5.0185,16.8307%,5.0000
2022-11-07 05:07:02.143502,3.292,-0.0000,0.00000,5.1442,4.8538,3.3149,4.9066,18.9853%,5.0000
2022-11-07 07:07:35.872616,3.296,-0.0000,0.00000,5.1486,4.8808,3.3217,5.1429,18.5183%,5.0000
2022-11-07 09:08:07.909996,3.295,-0.0000,0.00000,5.1484,4.8901,3.3186,5.0172,17.9904%,5.0000
2022-11-17 15:45:24.588635,3.305,-0.0000,0.00000,1.1986,76.7007,3.3372,5.0097,18.6435%,79.0000
2022-11-29 15:02:27.694943,3.300,0.0000,-6.30000,1.1986,77.7318,3.3297,5.1788,16.5042%,80.0000
2022-11-29 16:02:22.008421,3.657,-0.0000,0.00000,2.0156,1.7681,3.7973,7.4393,12.3873%,2.0000
2022-11-29 18:02:53.979270,3.734,-1.4782,-7.00000,2.0066,1.9168,3.5530,5.0205,16.6705%,2.0000
2022-11-29 20:03:39.009773,3.444,0.0000,0.00000,1.9971,1.9087,3.4030,4.8833,17.3556%,2.0000
2022-11-29 22:04:13.351695,3.447,0.0000,0.00000,1.9953,1.9132,3.4100,5.0119,17.4655%,2.0000
2022-11-30 00:04:47.964821,3.446,0.0000,0.00000,2.0015,1.9130,3.4119,5.0660,17.4578%,2.0000
2022-11-30 02:05:19.797789,3.446,-0.0000,0.00000,1.9942,1.9141,3.4137,4.9765,17.4441%,2.0000
2022-11-30 04:05:51.419312,3.446,-0.0000,0.00000,1.9999,1.9135,3.4134,4.9718,17.4044%,2.0000
2022-11-30 06:06:24.414936,3.446,-0.0000,0.00000,2.0019,1.9124,3.4097,5.0188,17.4823%,2.0000
2022-11-30 08:06:57.281855,3.447,0.0000,0.00000,2.0008,1.9131,3.4116,4.9958,17.4166%,2.0000
2022-11-30 10:07:29.310530,3.632,5.0699,7.00000,2.0173,1.9138,3.5112,5.0079,14.1024%,2.0000
2022-11-30 12:08:12.414355,3.567,-6.6759,0.00000,2.0326,1.9118,3.4549,4.7540,15.4788%,2.0000
2022-11-30 13:35:48.254432,3.453,0.0000,0.00000,2.0005,1.9122,3.4163,4.9993,17.5402%,2.0000
2022-11-30 15:36:20.193313,3.940,-0.1793,-7.00000,1.9929,1.9171,3.5721,5.0768,14.4366%,2.0000
2022-11-30 17:37:02.415660,3.677,2.5100,7.00000,5.2037,4.8500,3.5208,4.9095,16.4523%,5.0000
2022-11-30 19:37:43.001868,3.632,-5.3207,-7.00000,5.2012,4.9089,3.5044,4.9282,14.1344%,5.0000
2022-11-30 21:38:25.479173,3.529,6.8763,0.00000,9.9889,9.8310,3.4461,4.8849,15.0439%,10.0000
2022-11-30 23:39:07.504779,3.651,-4.0397,0.00000,10.0044,9.8112,3.5093,4.8405,16.4492%,10.0000
2022-12-01 01:39:49.545993,3.704,1.7208,0.00000,14.9905,13.7618,3.5386,5.1468,16.3745%,15.0000
2022-12-01 03:40:31.857450,3.346,0.0000,0.00000,14.9917,13.7800,3.3518,4.5295,14.6639%,15.0000
2022-12-01 05:41:03.657829,3.296,-0.0000,0.00000,14.9949,13.7741,3.3323,4.9631,17.4044%,15.0000
2022-12-01 07:41:37.345230,3.294,0.0000,0.00000,15.0023,13.7430,3.3300,4.9503,16.7300%,15.0000
2022-12-01 09:42:10.751471,3.295,0.0000,0.00000,15.0051,13.7762,3.3319,5.0094,15.7198%,15.0000
2022-12-01 10:03:04.633529,3.297,-0.0000,0.00000,4.5185,3.6531,3.3335,5.2595,15.4665%,2.0000
2022-12-01 10:15:39.386583,3.454,0.0000,0.00000,2.0085,1.9285,3.4249,5.0781,14.6273%,2.0000
2022-12-01 12:04:04.287139,3.292,0.0000,0.00000,2.0022,1.9139,3.3262,4.9901,17.5509%,2.0000
2022-12-01 14:04:36.461292,3.686,1.9780,0.00000,24.9987,23.5376,3.5219,4.4948,16.1975%,25.0000
2022-12-01 16:05:18.648081,3.445,0.0000,0.00000,25.0005,23.6159,3.4226,4.8172,15.0500%,25.0000
2022-12-01 18:05:52.203921,3.636,4.0712,7.00000,2.0061,1.9093,3.5038,4.9361,14.2565%,2.0000
2022-12-01 20:06:34.290970,3.617,-6.8958,-7.00000,2.0365,1.9142,3.4914,4.9254,15.3689%,2.0000
2022-12-01 22:07:18.050809,3.746,0.8290,0.00000,1.9968,1.9151,3.5489,5.0571,16.2783%,2.0000
2022-12-02 00:08:01.458442,3.712,1.1677,0.00000,1.9966,1.9157,3.5298,5.0236,16.1456%,2.0000
2022-12-02 02:08:44.690537,3.274,0.0001,0.00000,1.9931,1.8992,3.2989,4.7230,17.7340%,2.0000
2022-12-02 04:09:16.557465,3.288,-0.0000,0.00000,1.9986,1.9134,3.3219,4.9970,17.5860%,2.0000
2022-12-02 06:09:49.945687,3.287,0.0000,0.00000,2.0026,1.9144,3.3244,5.0141,17.2076%,2.0000
2022-12-02 08:10:21.218628,3.287,-0.0000,0.00000,1.9962,1.9115,3.3206,5.0218,16.9772%,2.0000
2022-12-02 10:10:55.337492,3.286,0.0000,0.00000,1.9987,1.9099,3.3208,4.9679,16.8917%,2.0000
2022-12-02 12:11:29.926439,3.648,3.1114,7.00000,2.0036,1.9086,3.5059,4.9485,14.1924%,2.0000
2022-12-02 14:12:13.634059,3.638,-4.0910,-7.00000,2.0060,1.9114,3.5011,4.9201,16.5103%,2.0000
2022-12-02 16:12:58.520804,3.651,3.6790,7.00000,5.2047,4.8688,3.5135,4.9749,14.2397%,5.0000
2022-12-02 18:13:39.205804,3.634,-4.6951,-7.00000,5.2042,4.8562,3.5020,5.0673,15.5306%,5.0000
2022-12-02 20:14:22.403293,3.648,4.3476,7.00000,10.0052,9.8136,3.5264,5.3047,14.8577%,10.0000
2022-12-02 22:15:02.877494,3.630,-5.3319,-7.00000,9.9932,9.8221,3.5004,4.6906,14.4549%,10.0000
2022-12-03 00:15:44.744853,3.633,4.8812,7.00000,15.0000,13.7821,3.5016,5.0228,15.8679%,15.0000
2022-12-03 02:16:28.411956,3.625,-5.8530,-7.00000,15.0031,13.7595,3.4977,4.9181,17.0947%,15.0000
2022-12-03 04:17:09.987820,3.623,5.4494,7.00000,24.9972,23.6234,3.4917,4.6595,17.3785%,25.0000
2022-12-03 06:17:51.057711,3.619,-6.4054,-7.00000,25.0009,23.6198,3.4921,4.2577,16.1868%,25.0000
2022-12-03 08:18:32.670924,3.664,3.0180,7.00000,2.0069,1.9170,3.5219,5.0101,14.2336%,2.0000
2022-12-03 10:19:14.857711,3.643,-4.0705,-7.00000,2.0066,1.9121,3.5101,4.9883,14.6639%,2.0000
2022-12-03 12:19:57.097193,3.589,5.0000,5.00000,2.0122,1.9107,3.4943,4.9453,15.0881%,2.0000
2022-12-03 14:20:40.651075,3.710,-1.3703,0.00000,1.9916,1.9163,3.5355,5.0479,16.2051%,2.0000
2022-12-03 16:21:23.983421,3.703,-1.3425,0.00000,1.9959,1.9150,3.5271,5.0190,16.9253%,2.0000
2022-12-03 18:22:07.883356,3.646,3.6992,7.00000,14.9981,13.7632,3.5151,4.8566,16.5332%,15.0000
2022-12-03 20:22:50.397453,3.638,-4.7203,-7.00000,15.0041,13.7381,3.5089,4.8576,14.7829%,15.0000
2022-12-03 22:23:33.710378,3.471,5.0000,5.00000,14.9989,13.7864,3.4179,4.6567,16.3973%,15.0000
2022-12-04 00:24:08.812670,3.753,-0.8085,0.00000,14.9976,13.7577,3.5548,5.1562,15.9792%,15.0000
2022-12-04 02:24:49.943228,3.739,-0.8644,0.00000,14.9951,13.7560,3.5449,5.0098,15.1568%,15.0000
2022-12-04 04:25:32.302920,3.295,-0.0000,0.00000,14.9977,13.7622,3.3321,5.2271,17.8668%,15.0000
2022-12-04 06:26:07.119117,3.294,0.0001,0.00000,15.0004,13.7546,3.3271,4.9323,16.7468%,15.0000
2022-12-04 08:26:40.441857,3.292,-0.0000,0.00000,14.9967,13.7614,3.3268,4.9789,15.2743%,15.0000
2022-12-04 10:27:14.388869,3.291,0.0000,0.00000,14.9854,13.7684,3.3263,4.9513,15.1095%,15.0000
2022-12-04 12:27:47.540046,3.291,0.0000,0.00000,14.9960,13.7551,3.3239,5.0599,15.4665%,15.0000
2022-12-05 09:46:00.954856,3.288,0.0000,0.00000,14.9996,13.7580,3.3228,4.6701,17.0443%,15.0000
2022-12-05 11:46:33.416468,6.342,-0.0000,0.00000,76.6901,55.2739,7.3185,45.8748,100.0000%,1.7000
2022-12-05 13:47:07.904926,3.694,1.8048,0.00000,1.9815,1.9360,3.5287,5.0333,16.9741%,2.0000
2022-12-05 15:47:51.237441,3.296,-0.0001,0.00000,2.0015,1.9388,3.3292,5.0095,17.8012%,2.0000
2022-12-05 17:48:26.527468,3.464,7.0000,7.00000,2.1547,1.9512,3.4085,4.7148,15.4528%,2.0000
2022-12-05 19:49:04.485171,3.615,-6.2134,0.00000,2.0475,1.9247,3.4949,5.1110,17.2900%,2.0000
2022-12-05 21:49:46.734933,3.578,6.5375,0.00000,5.2007,4.8939,3.4632,4.7087,15.0713%,5.0000
2022-12-05 23:50:30.867572,3.629,-5.5117,0.00000,5.2055,4.8885,3.4946,4.8806,16.5759%,5.0000
2022-12-06 01:51:13.089131,3.622,5.8198,0.00000,10.0055,9.7893,3.4938,5.2469,14.6670%,10.0000
2022-12-06 03:51:54.527327,3.636,-4.7986,0.00000,10.0091,9.8102,3.4991,4.8581,16.8002%,10.0000
2022-12-06 05:52:38.124856,3.634,5.1388,0.00000,14.9997,13.7581,3.4980,5.2120,14.9966%,15.0000
2022-12-06 07:53:20.380797,3.647,-4.0901,0.00000,15.0022,13.7565,3.5069,5.0555,15.7473%,15.0000
2022-12-06 09:54:02.575590,3.651,4.3782,0.00000,24.9999,23.6191,3.5181,5.0041,16.8185%,25.0000
2022-12-06 11:54:44.691306,3.657,-3.3326,0.00000,25.0011,23.5882,3.5091,4.5640,16.9970%,25.0000
2022-12-06 13:04:58.044813,3.303,0.0000,0.00000,4.8092,3.9581,3.3370,5.0766,17.6730%,2.0000
2022-12-06 13:25:47.849466,3.304,-0.0000,0.00000,1.9998,1.9362,3.3428,5.2131,16.5026%,2.0000
2022-12-06 13:33:50.558459,3.303,-0.0000,0.00000,2.0010,1.9397,3.3424,5.2052,16.0189%,2.0000
2022-12-06 13:38:08.371243,3.304,0.0000,0.00000,1.9991,1.9371,3.3422,5.1660,15.7763%,2.0000
2022-12-06 13:42:59.429109,3.302,0.0001,0.00000,1.9994,1.9376,3.3399,5.1195,15.5032%,2.0000
2022-12-06 15:43:31.489734,3.894,0.0899,0.00000,1.9886,1.9348,3.6041,5.1748,15.8114%,2.0000
2022-12-06 17:44:12.939831,3.477,0.0000,0.00000,2.0095,1.9375,3.4269,4.9264,15.6817%,2.0000
2022-12-06 19:44:51.095920,3.628,-4.4228,-5.00000,2.1606,1.9478,3.4885,4.7984,16.0952%,2.0000
2022-12-06 21:45:31.990268,3.895,-0.4367,-3.00000,1.9621,1.9301,3.5874,5.0869,14.6441%,2.0000
2022-12-06 23:46:13.669754,3.456,0.0000,0.00000,2.0061,1.9372,3.4108,4.8573,17.1939%,2.0000
2022-12-07 01:46:50.144794,3.796,0.4546,0.00000,24.9995,23.5660,3.5670,5.8523,14.8821%,25.0000
2022-12-07 03:47:34.131529,3.527,0.0000,0.00000,25.0024,23.6486,3.4754,5.0801,14.8409%,25.0000
2022-12-07 05:48:07.765311,3.635,-4.0299,-5.00000,25.0013,23.5729,3.4973,5.3637,15.1492%,25.0000
2022-12-07 07:48:50.321298,3.576,-0.0678,-3.00000,24.9994,23.5768,3.4659,4.3108,16.4843%,25.0000
2022-12-07 09:49:35.690643,3.522,0.0000,0.00000,25.0056,23.6130,3.4698,6.1930,16.5942%,25.0000
2022-12-07 11:50:08.435819,3.292,0.0000,0.00000,24.9993,23.6259,3.3274,4.6690,17.9171%,25.0000
2022-12-07 12:52:41.150961,3.294,0.0000,0.00000,25.0007,23.6120,3.3303,5.9654,17.5341%,25.0000
2022-12-07 13:37:50.464945,3.301,0.0001,0.00000,2.0086,1.9383,3.3393,5.1040,14.7219%,2.0000
2022-12-07 15:38:32.898712,3.676,3.2644,4.00000,2.0014,1.9179,3.5100,4.8367,11.3542%,2.0000
2022-12-07 17:39:15.071826,3.721,-1.2751,0.00000,1.9929,1.9188,3.5449,5.1605,16.3333%,2.0000
2022-12-07 19:39:56.270306,3.628,5.0907,7.00000,2.0126,1.9082,3.5033,4.8885,15.9823%,2.0000
2022-12-07 21:40:39.600281,3.635,-6.1147,-7.00000,2.0279,1.9109,3.5131,5.0229,13.9040%,2.0000
2022-12-07 23:41:21.752163,3.650,4.6450,7.00000,5.1942,4.8887,3.5262,5.0311,16.9924%,5.0000
2022-12-08 01:42:02.681660,3.641,-5.6103,-7.00000,5.1877,4.8561,3.5156,4.9324,14.2229%,5.0000
2022-12-08 03:42:44.053600,3.669,4.0860,7.00000,10.0036,9.8166,3.5502,5.2924,14.1131%,10.0000
2022-12-08 05:43:28.379319,3.643,-5.0698,-7.00000,9.9965,9.8208,3.5172,5.0399,14.2535%,10.0000
2022-12-08 07:44:09.381519,3.661,3.6248,7.00000,14.9979,13.7697,3.5250,5.1826,16.7010%,15.0000
2022-12-08 09:44:52.418288,3.646,-4.6221,-7.00000,14.9921,13.7700,3.5174,4.6362,14.0719%,15.0000
2022-12-08 11:45:36.216465,3.686,3.1465,7.00000,25.0000,23.6216,3.5561,5.1338,14.5480%,25.0000
2022-12-08 13:46:19.338825,3.650,-4.1253,-7.00000,24.9984,23.5785,3.5137,4.5919,16.0479%,25.0000
2022-12-08 15:47:02.387963,3.829,0.7443,7.00000,2.0011,1.9003,3.6075,5.3826,14.8226%,2.0000
2022-12-08 17:47:44.701818,3.721,-1.7450,-7.00000,2.0037,1.9061,3.5556,5.0644,15.1278%,2.0000
2022-12-08 19:48:29.129838,3.687,2.7544,5.00000,2.0062,1.9042,3.5445,4.9866,15.9670%,2.0000
2022-12-08 21:49:11.173843,3.662,-3.7738,0.00000,1.9931,1.9058,3.5348,4.9719,16.6934%,2.0000
2022-12-08 23:49:51.653900,3.518,-3.0000,-3.00000,2.0032,1.9115,3.4778,4.8684,14.7295%,2.0000
2022-12-09 01:50:25.021847,3.454,-0.0000,0.00000,24.9987,23.5916,3.4123,4.5460,17.2305%,25.0000
2022-12-09 03:51:00.640849,3.803,-0.9501,-7.00000,25.0020,23.6102,3.5924,5.1292,14.7753%,25.0000
2022-12-09 05:51:43.790387,3.719,1.9356,5.00000,24.9994,23.6113,3.5531,4.8145,14.9187%,25.0000
2022-12-09 07:52:24.183915,3.590,-4.5941,0.00000,24.9974,23.5835,3.4760,5.3663,15.1369%,25.0000
2022-12-09 09:53:05.294994,3.678,-2.8851,-3.00000,24.9986,23.6079,3.5378,6.1756,16.7895%,25.0000
2022-12-09 11:53:48.749917,3.280,0.0000,0.00000,1.1986,76.5555,3.2991,4.4458,17.5906%,79.0000
2022-12-09 13:24:00.681426,7.460,0.0000,0.00000,8.4508,8.1788,8.1479,42.5119,100.0000%,1.7000
2022-12-09 15:24:36.500903,3.656,5.7729,7.00000,2.1019,1.9750,3.5371,4.9731,13.9834%,1.7000
2022-12-09 17:25:19.546433,3.704,5.3213,-7.00000,2.0633,1.9450,3.5827,5.1952,16.3149%,1.7000
2022-12-09 19:26:01.426441,3.583,-3.5000,-3.50000,2.0197,1.9371,3.5274,5.1066,16.0388%,2.0000
2022-12-09 21:26:34.091485,3.657,5.5373,7.00000,2.0270,1.9087,3.5473,5.2150,16.4782%,2.0000
2022-12-09 23:27:16.393823,3.506,6.3000,6.30000,5.2003,4.8758,3.4637,4.8862,14.6670%,5.0000
2022-12-10 01:27:51.062503,3.495,4.9000,4.90000,5.2148,4.8878,3.4576,5.0584,17.2290%,5.0000
2022-12-10 03:28:25.993839,3.487,3.5000,3.50000,3.1604,2.8971,3.4570,5.0086,16.9665%,3.0000
2022-12-10 05:28:59.353574,3.482,2.1000,2.10000,2.0036,1.9509,3.4562,5.0502,16.1151%,2.0000
2022-12-10 07:29:38.065668,3.744,0.7477,0.70000,2.2368,2.1659,3.5574,5.2518,15.5230%,2.0000
2022-12-10 09:30:20.509053,3.465,0.0000,0.00000,7.5785,7.3539,3.4283,5.0837,15.5169%,7.5000
2022-12-10 11:30:56.564657,3.475,-1.4000,-1.40000,5.1648,4.8576,3.4440,5.0650,17.2457%,5.0000
2022-12-10 13:31:32.222796,3.483,-2.8000,-2.80000,5.1694,4.8916,3.4556,5.1499,14.6914%,5.0000
2022-12-10 15:32:07.057834,3.487,-4.2000,-4.20000,3.1696,2.9101,3.4551,4.9058,15.6146%,3.0000
2022-12-10 17:32:42.190927,3.512,-5.6000,-5.60000,2.0665,1.9457,3.4839,5.0802,16.6751%,2.0000
2022-12-10 19:33:18.336043,3.679,-6.8965,-7.00000,2.4544,2.2101,3.5781,5.1179,14.0398%,2.0000
2022-12-10 21:34:02.591043,3.586,-7.0000,-7.00000,7.5755,7.3304,3.5521,4.9458,14.7890%,7.5000
2022-12-10 23:34:35.884712,3.610,-7.0000,-7.00000,7.5865,7.3543,3.5798,4.8775,13.9071%,7.5000
2022-12-11 01:35:10.351001,3.587,-7.0000,-7.00000,7.5861,7.3296,3.5492,4.9219,16.0479%,7.5000
2022-12-11 03:35:42.117428,3.585,-7.0000,-7.00000,7.5764,7.3524,3.5483,4.7593,16.8460%,7.5000
2022-12-11 05:36:17.640854,3.572,-7.0000,-7.00000,7.5840,7.3268,3.5367,4.9151,16.8887%,7.5000
2022-12-11 07:36:50.537568,3.564,-7.0000,-7.00000,7.5827,7.3424,3.5234,5.0016,16.9055%,7.5000
2022-12-11 09:37:24.767772,3.554,-7.0000,-7.00000,7.5862,7.3432,3.5107,4.9944,17.0443%,7.5000
2022-12-11 11:37:57.219587,3.540,-7.0000,-7.00000,7.5807,7.3823,3.4918,5.0078,16.8933%,7.5000
2022-12-11 13:38:29.202223,3.530,-5.6000,-5.60000,14.9896,13.7608,3.4880,4.9795,16.3439%,15.0000
2022-12-11 15:39:17.920028,3.700,0.7000,0.70000,15.0076,13.7811,3.5887,5.2406,13.8659%,15.0000
2022-12-11 17:39:51.716947,3.533,6.3000,6.30000,14.9993,13.7637,3.5077,4.8817,16.3424%,15.0000
2022-12-11 19:40:30.361811,3.521,2.8000,2.80000,35.0009,33.4307,3.4862,5.6447,15.2377%,35.0000
2022-12-11 21:41:15.060726,3.578,-3.5000,-3.50000,35.0033,33.4102,3.5116,4.5885,17.0352%,35.0000
2022-12-11 23:42:00.763630,3.547,-6.2374,-5.60000,54.9988,53.1236,3.4926,5.1941,17.2976%,55.0000
2022-12-12 01:42:43.773199,3.616,0.0000,0.00000,55.0030,53.1196,3.5607,5.0675,15.9686%,55.0000
2022-12-12 03:43:22.007479,3.516,5.6000,5.60000,54.9977,53.1198,3.4892,4.8661,14.5800%,55.0000
2022-12-12 05:44:02.399812,3.583,7.0000,7.00000,74.9932,72.7991,3.5515,5.1210,16.9802%,75.0000
2022-12-12 07:44:37.765923,3.594,7.0000,7.00000,74.9988,72.7982,3.5544,5.2008,14.3801%,75.0000
2022-12-12 09:45:13.099376,3.796,1.6785,0.00000,66.5683,63.0831,3.6362,5.1184,13.8018%,2.0000
